id,subreddit,author,text,created_utc
p001,Philippines,user_a1,"Grabe ang traffic today sa EDSA, sawa na ako sa buhay ganito",2026-08-01T10:00:00Z
p002,Philippines,user_b2,"chorus ng bagong kanta ni sb19 ang ganda, sabi sa kanta talaga ang sakit",2026-08-01T10:05:00Z
p003,CasualPH,user_c3,"paalam na sa lahat, di ko na kayang tiisin ito, wag nyo na akong hanapin",2026-08-01T10:10:00Z
p004,CasualPH,user_d4,"PBA grand finals ngayong gabi, sino panalo dito",2026-08-01T10:15:00Z
p005,adultingph,user_e5,"walang nakakaintindi sa akin, mag-isa na lang ako lagi, iniwan nila ako",2026-08-01T10:20:00Z
p006,adultingph,user_f6,"joke lang po yung sinabi ko kanina, chika lang po sobra",2026-08-01T10:25:00Z
p007,Philippines,user_g7,"sila ang dahilan ng lahat ng problema ko, gagawin ko rin sa kanila balang araw",2026-08-01T10:30:00Z
p008,Philippines,user_h8,"grand finals ng ML rank push ko ngayon, sana manalo squad namin",2026-08-01T10:35:00Z
p009,CasualPH,user_i9,"huling post ko na to, hindi na ako babalik dito, wala nang bukas para sa akin",2026-08-01T10:40:00Z
p010,CasualPH,user_j10,"kwento lang, movie ba to na napanood ko kagabi ang galing",2026-08-01T10:45:00Z
